{"cameraMode":{"drawMode":0,"name":"Shaded","section":"Shading Mode"},"sceneLighting":false,"audioPlay":false,"sceneViewState":{"m_AlwaysRefresh":false,"showFog":true,"showSkybox":false,"showFlares":true,"showImageEffects":true,"showParticleSystems":true,"showVisualEffectGraphs":true,"m_FxEnabled":true},"in2DMode":false,"pivot":{"x":-0.00913703441619873,"y":0.37519371509552,"z":-0.00913703441619873},"rotation":{"x":0.26916781067848208,"y":-0.15691746771335603,"z":0.04450512304902077,"w":0.9492384791374207},"size":1.2265925407409669,"orthographic":false}