{"cameraMode":{"drawMode":0,"name":"Shaded","section":"Shading Mode"},"sceneLighting":true,"audioPlay":false,"sceneViewState":{"m_AlwaysRefresh":false,"showFog":true,"showSkybox":false,"showFlares":true,"showImageEffects":true,"showParticleSystems":true,"showVisualEffectGraphs":true,"m_FxEnabled":true},"in2DMode":false,"pivot":{"x":698.985595703125,"y":-0.5998635292053223,"z":-39.346595764160159},"rotation":{"x":0.014585116878151894,"y":-0.9160500764846802,"z":0.3995733857154846,"w":0.033558089286088946},"size":1.979475975036621,"orthographic":false}